type_id,n_customers,weight,summary
T0_NONBUYER,222888,0.9128356766364556,Behavioral buyer type T0_NONBUYER; population share 91.3%. No purchase of any of the 60 allowed training trouser products during the history window. Treat this as a low-category-affinity segment; do not assume zero interest in unseen trousers.
T1,18308,0.0749802392585524,"Behavioral buyer type T1; population share 7.5%. Using only allowed training products: median 1 trouser purchases across 1 unique articles, median paid price $17.99, recency 234 days, active days 1; middle-50% purchase count 1-1 and mean price $13.27-$19.99. Most common colors: Black, Dark Blue, Light Blue, Blue, Dark Grey. Most common garment groups: Trousers, Trousers Denim, Jersey Basic. Most common appearances: Solid, Denim, All over pattern, Melange, Stripe. Historically common product names: Luna skinny RW, Push Up Jegging L.W, Enter treggings, Kanta slacks RW, Skinny Ankle R.W Brooklyn."
T2,410,0.0016791510867383923,"Behavioral buyer type T2; population share 0.2%. Using only allowed training products: median 2 trouser purchases across 2 unique articles, median paid price $17.49, recency 122 days, active days 2; middle-50% purchase count 2-3 and mean price $14.49-$20.65. Most common colors: Black, Blue, Dark Blue, Light Blue, Dark Grey. Most common garment groups: Trousers, Trousers Denim, Jersey Basic. Most common appearances: Solid, Denim, All over pattern, Melange, Stripe. Historically common product names: Luna skinny RW, S.Skinny L.W Epic, Push Up Jegging L.W, Enter treggings, Space 5 pkt tregging."
T3,500,0.0020477452277297466,"Behavioral buyer type T3; population share 0.2%. Using only allowed training products: median 2 trouser purchases across 2 unique articles, median paid price $17.49, recency 194 days, active days 2; middle-50% purchase count 2-3 and mean price $14.18-$20.63. Most common colors: Black, Blue, Dark Blue, Light Blue, Dark Grey. Most common garment groups: Trousers, Trousers Denim, Jersey Basic. Most common appearances: Solid, Denim, All over pattern, Stripe, Melange. Historically common product names: Push Up Jegging L.W, Luna skinny RW, Enter treggings, Skinny Ankle R.W Brooklyn, Space 5 pkt tregging."
T4,198,0.0008109071101809797,"Behavioral buyer type T4; population share 0.1%. Using only allowed training products: median 3 trouser purchases across 2 unique articles, median paid price $17.68, recency 27 days, active days 2; middle-50% purchase count 2-3 and mean price $14.64-$21.55. Most common colors: Black, Blue, Light Blue, Dark Grey, Dark Blue. Most common garment groups: Trousers, Trousers Denim, Jersey Basic. Most common appearances: Solid, Denim, Melange, All over pattern, Stripe. Historically common product names: Luna skinny RW, Push Up Jegging L.W, Space 5 pkt tregging, Julia RW Skinny Denim TRS, Skinny Ankle R.W Brooklyn."
T5,570,0.0023344295596119113,"Behavioral buyer type T5; population share 0.2%. Using only allowed training products: median 2 trouser purchases across 2 unique articles, median paid price $17.49, recency 243 days, active days 2; middle-50% purchase count 2-3 and mean price $13.99-$19.99. Most common colors: Black, Blue, Dark Blue, Dark Grey, Light Blue. Most common garment groups: Trousers, Trousers Denim, Jersey Basic. Most common appearances: Solid, Denim, All over pattern, Treatment, Melange. Historically common product names: Enter treggings, Luna skinny RW, Space 5 pkt tregging, Push Up Jegging L.W, Julia RW Skinny Denim TRS."
T6,467,0.0019125940426995836,"Behavioral buyer type T6; population share 0.2%. Using only allowed training products: median 2 trouser purchases across 2 unique articles, median paid price $17.49, recency 160 days, active days 2; middle-50% purchase count 2-3 and mean price $14.21-$21.77. Most common colors: Black, Dark Blue, Blue, Light Blue, Dark Grey. Most common garment groups: Trousers, Trousers Denim, Jersey Basic. Most common appearances: Solid, Denim, All over pattern, Stripe, Melange. Historically common product names: Luna skinny RW, Enter treggings, Space 5 pkt tregging, Push Up Jegging L.W, Skinny Ankle R.W Brooklyn."
T7,312,0.001277793022103362,"Behavioral buyer type T7; population share 0.1%. Using only allowed training products: median 2 trouser purchases across 2 unique articles, median paid price $17.29, recency 82 days, active days 2; middle-50% purchase count 2-3 and mean price $13.93-$19.99. Most common colors: Black, Dark Blue, Blue, Dark Grey, Light Blue. Most common garment groups: Trousers, Trousers Denim, Jersey Basic. Most common appearances: Solid, Denim, Melange, All over pattern, Treatment. Historically common product names: Luna skinny RW, S.Skinny L.W Epic, Julia RW Skinny Denim TRS, Push Up Jegging L.W, Enter treggings."
T8,518,0.002121464055928018,"Behavioral buyer type T8; population share 0.2%. Using only allowed training products: median 2 trouser purchases across 2 unique articles, median paid price $17.49, recency 211 days, active days 2; middle-50% purchase count 2-3 and mean price $14.79-$19.99. Most common colors: Black, Dark Blue, Blue, Light Blue, Dark Grey. Most common garment groups: Trousers, Trousers Denim, Jersey Basic. Most common appearances: Solid, Denim, All over pattern, Melange, Stripe. Historically common product names: Luna skinny RW, Space 5 pkt tregging, Skinny Ankle R.W Brooklyn, Enter treggings, Push Up Jegging L.W."
