type_id,n_customers,weight,age,txn_count,mean_price,recency_days,denim_share,woven_trouser_share,jersey_share,black_share,blue_share,grey_share,khaki_share,solid_share,denim_app_share,melange_share,pattern_share,trouser_share,leggings_share,dress_share,skirt_share,online_share
RB01,54024,0.03937666729835712,37.9673108248186,13.59105212498149,17.085615053591077,122.90456093588035,0.263234944711223,0.08790244573775731,0.21628088742032658,0.3057482780176441,0.291213276516435,0.07814968527053079,0.012562684574508577,0.41478043587457986,0.26446653199948233,0.047392689522295334,0.16232510346705165,0.3145451011636746,0.006381912279223842,0.055025778550498054,0.008916506252225048,0.3960636839046954
RB02,3987,0.002906019038178399,36.62452972159518,2.1168798595435163,16.70749469548575,209.20617005267118,0.008669536973308344,0.06950186953717129,0.7460628389763263,0.6472664423902953,0.10614343230657884,0.08543862364528759,0.007292683724482177,0.5722960922394962,0.01188871240669626,0.03826637249499135,0.13481060903363712,0.0017434931407611218,0.991545935318511,0.0006146961752680339,0.00015901849360590268,0.2920345808033825
RB03,21359,0.015568011195498476,38.89976122477644,2.4515660845545204,45.7141002821956,226.0552928507889,0.002390721786537586,0.013590995511387153,0.04862228658321686,0.48097805139844446,0.11216543782361015,0.0133036025607924,0.001300748394538815,0.8276064219038792,0.0052484549624186964,0.015383784481709918,0.06340688336714943,0.027322220485922505,0.00015760101748873802,0.02489828404647299,0.0006593454128087116,0.217798203935675
RB04,138625,0.10104010262540271,35.73254463480613,34.57456447249775,14.456882829191432,48.54884761045987,0.027890166837679007,0.07766766488708056,0.27471070949145554,0.32828903816425575,0.14738462189929336,0.061700786007386633,0.029898341676931988,0.525788115157224,0.04487981926641024,0.05535455384801223,0.249307062299515,0.10345818270052197,0.011552678229750897,0.09599783232327552,0.016896461997490068,0.43957818255501174
RB05,31895,0.02324742343182845,38.82564665308042,7.686847468255213,15.79359388722792,137.95626273710613,0.02557917190538262,0.1194583512739307,0.29809257895884667,0.23416663462634033,0.1219637507331344,0.057804414306347245,0.2668686160820105,0.5734244403633338,0.03664675611113526,0.0565414919508722,0.22034176500041802,0.15194786582701658,0.0035975546616465372,0.09870724861755696,0.01223887194752982,0.45570901984523576
RB06,16454,0.011992886193676293,39.52175762732466,3.7627932417649204,22.596086191151862,197.00960252826061,0.800272929292075,0.0498426747174714,0.04784079692401436,0.25560987793783485,0.5514441278698783,0.06406648467958198,0.004543470538279899,0.21789276027633825,0.7040320759430128,0.011658353591059878,0.03741237743168309,0.7880115783051732,0.0021372593112217804,0.018330357012225296,0.0028980865476249357,0.30781638760922786
RB07,18114,0.013202816367585534,39.09031688196975,2.875069007397593,20.779315229590416,179.528927901071,0.006849664679263543,0.887974794751289,0.033341190809470095,0.42870251906480633,0.2648006825905854,0.037932155900680276,0.004669112291089492,0.6776437160388039,0.02807638396852097,0.017238995444745074,0.21455903769736884,0.917354165821695,0.0008301168110312912,0.0055351236838876525,0.0006234107100511001,0.22080480729234558
RB08,40875,0.0297927083485182,38.953467889908254,5.1374189602446485,17.347684780663283,209.266250764526,0.0057715601438567505,0.03603213037904122,0.31288735156666186,0.2549545801873413,0.1496275776401006,0.1919631152649549,0.0038477563626730426,0.3260509474558299,0.011930904055298952,0.4742049161407851,0.1052494728482487,0.07163788086770657,0.0013591367364145048,0.030435475730984624,0.0012596945617559796,0.49264178551392845
RB09,12910,0.009409758159739937,35.09566227730441,6.188071262587142,18.96860117439526,144.87234701781566,0.048261361409452364,0.06585710245557914,0.19328909786551088,0.38809308466515496,0.14816413080376406,0.04471692442403875,0.015075882580704409,0.5178843566721976,0.08437408962650049,0.031961261230665165,0.2601310766038507,0.05259425757543739,0.0039980056021832215,0.07879143528550057,0.4246201350493667,0.2772004105323543
RB10,69790,0.05086808845609994,37.06185699957014,4.697836366241582,13.223371108297867,173.4330849691933,0.002626599811301447,0.011417413908797774,0.24454703502373207,0.18340453728812173,0.3182287851026266,0.02554186775913483,0.0014901070044034087,0.23419575380973162,0.0102108911028985,0.01043200687754689,0.6256514713746226,0.027644786215642116,0.0002244514584675213,0.032551401459516884,0.0004664652613907816,0.3748276100748946
RB11,47281,0.03446187262204988,36.025930077621034,17.483513462067215,15.07714548101388,99.53499291470146,0.022553533362710102,0.06799718942483167,0.39416418493683775,0.42041669429494605,0.12421661830005445,0.07772978869051758,0.015260491352530114,0.5395508456540301,0.034882845008864634,0.07202074444746312,0.19760655492157284,0.09199065202306347,0.13162762526752744,0.06991195942520524,0.013772898270026618,0.4914275562698282
RB12,38337,0.027942827154914796,38.614210814617735,4.31035292276391,21.946338493252142,141.9031483945014,0.003157456248050235,0.012810880515513948,0.23061303381606454,0.37574623921347733,0.1272505079929869,0.01654918583266669,0.003723699062672416,0.44128653156785186,0.009104847048700451,0.010316132779949734,0.4014949288890584,0.015325924782463623,0.0005110926213276007,0.8042512315493248,0.0014342384913572544,0.22984394299877534
RB13,3237,0.002359363839123019,38.9277108433735,1.8881680568427557,22.942362119423557,184.8316342292246,0.023402294364108546,0.14636556410602972,0.1942994901739804,0.0975590429139779,0.04507605009359632,0.021137910159207792,0.7167244360034332,0.668113597200394,0.022702310118974185,0.031774991990401465,0.20043860613053402,0.17881647056736075,0.0018044581297593345,0.10455715124877606,0.03547089843855855,0.3537020735932636
RB14,50463,0.036781148413242176,34.2356379921923,17.803737391752374,16.79369345372899,88.40360263955769,0.03148062266161653,0.0749358315403761,0.2283567177899102,0.35473640309682514,0.14125552102036537,0.04959986354101758,0.015535240292879945,0.5327045882145406,0.05712758223281433,0.04167023214618981,0.2512968402427248,0.0830746653659747,0.005602504064173155,0.10124121964581431,0.15625506818037974,0.3532120939206627
RB15,53715,0.0391514453563463,37.87649632318719,8.800372335474263,17.809376477744845,137.2644512705948,0.010856587247463953,0.3577294164494716,0.1990365003033402,0.35725311689221406,0.19846785202979136,0.05510939361497297,0.0087292710616337,0.5766768339231715,0.04708698814695265,0.03547331456117575,0.23394355433864913,0.3888945290979341,0.002025976926201899,0.05305906176648222,0.002985503129496303,0.3784524313803453
RB16,97598,0.07113660548987595,36.327824340662715,55.445623885735365,16.647123692845597,11.430592840017214,0.036340504806791726,0.09283638561408125,0.26105521776465485,0.3507000542996832,0.13555537111227736,0.062385713138224656,0.02027335990849378,0.5525993161436269,0.0537013964390768,0.059516143715589616,0.2179272289901748,0.1284469345175208,0.0161605855290043,0.09774057887803557,0.02527196551569979,0.3102446276815796
RB17,7581,0.005525590752051779,37.046563777865714,4.726289407729851,15.859927118018126,187.60137185067933,0.01617877733172594,0.06133064383189515,0.6531405420351721,0.5634106832674501,0.11523595635260651,0.09266646678569779,0.010941165635269997,0.538246441491186,0.023891565893906393,0.0766968638891657,0.15314958038842902,0.056372817420244345,0.5329102164225988,0.03376828393575191,0.007119627067185573,0.4017665874770332
RB18,7417,0.005406055481858336,36.91721720372118,3.3448833760280436,21.20410032617787,180.33153566131858,0.03180392663915066,0.5052143319574387,0.0795698038490815,0.16254518341179988,0.5652456754766984,0.13833370799423714,0.0038027462559629076,0.16112883587628632,0.7238372896767411,0.02020089068476095,0.05935054224829668,0.5753021228733307,0.0017553970634104925,0.04085535848071953,0.002075728974259457,0.294583623686938
RB19,5743,0.004185921077566729,38.24830228103779,2.0646003830750477,20.383265130774795,246.24952115619016,0.008291111035108224,0.028002660114246323,0.2649520685078285,0.08110114620618823,0.044110341980508706,0.761767052141559,0.0035298381149086234,0.11297835990285007,0.011979667682924418,0.7930580521702947,0.046264733105125806,0.07087657030469108,0.00046205318275664784,0.032513398274446104,0.0007407822133408107,0.41871003198361395
RB20,16940,0.012347118762664179,36.91924439197167,8.533589138134593,15.34518755931552,159.6314639905549,0.021767628761119248,0.06129317239909174,0.5402183767971986,0.4868150070416054,0.11990753467335209,0.09062035042398009,0.012635002100150334,0.5280743161740583,0.030253582273856685,0.08444982304457653,0.16988770190309227,0.08024085940207826,0.29555163750256547,0.05064918679663285,0.010599386858173989,0.4669552269844661
RB21,15121,0.011021297686555197,38.265524766880496,3.2529594603531513,16.25596965005172,226.7541167912175,0.006405017510139438,0.09330108334098594,0.2896814595860915,0.11371102722975139,0.06446072158344812,0.6545799527926437,0.0020327597082297603,0.37414472922138,0.01907457473737165,0.041922566143478106,0.27571548675966207,0.12990539261287926,0.0006022947913889175,0.03823690336700057,0.0005439970037213778,0.3979574431177058
RB22,120361,0.0877279552180061,34.60092554897351,3.459783484683577,13.247134112216276,193.73618530919484,0.0010174576394214876,0.004531217055996243,0.28025154162868926,0.4688742829649376,0.03301046046626616,0.012453782611908324,0.0007227738114594178,0.7497995478397063,0.0028098657472962483,0.006958835965497341,0.04398850077244754,0.015903996600471888,8.572008087156641e-05,0.011380645550707991,0.0001820641268474141,0.32505761764316227
RB23,128661,0.0937776060875523,35.308376275639084,12.77420508157095,15.393312058995825,99.86708481979777,0.010270292174758472,0.03948730335253434,0.25401477654683224,0.3655852172072143,0.1089073678464812,0.06093791294539718,0.005097702512702884,0.5770613938001657,0.02043871832578765,0.053992609423385525,0.20020865406536859,0.05621484338832009,0.0021818890201704805,0.07950991304649076,0.003577066031248014,0.44501325110527823
RB24,4347,0.0031684135337249814,36.09845870715436,2.077064642282034,21.763349015698356,176.20749942489073,0.0725166726303774,0.06822631053098917,0.11990525930796163,0.4563285304720558,0.15727534817891212,0.036631761657505764,0.009728715585206708,0.49599131472059954,0.12671799146409965,0.015044938849777565,0.2814440800709201,0.0016220140013513693,0.00023078878914119187,0.0024400400093382126,0.9823999547356301,0.15154576035319536
RN_16-24,127070,0.09261796819195615,20.54436924529787,0.0,0.0,0.0,0.042899661418611075,0.08904313307617494,0.2590703996917887,0.34796203325941005,0.15526662409472164,0.07069936021640036,0.022116602944992673,0.5263300454013403,0.059079322854806285,0.06270012243521343,0.21968998528717054,0.0,0.0,0.0,0.0,0.0
RN_25-34,88631,0.06460079592996983,28.769459895521884,0.0,0.0,0.0,0.042899661418611075,0.08904313307617494,0.2590703996917887,0.34796203325941005,0.15526662409472164,0.07069936021640036,0.022116602944992673,0.5263300454013403,0.059079322854806285,0.06270012243521343,0.21968998528717054,0.0,0.0,0.0,0.0,0.0
RN_35-44,40072,0.029207422848729573,39.49316230784588,0.0,0.0,0.0,0.042899661418611075,0.08904313307617494,0.2590703996917887,0.34796203325941005,0.15526662409472164,0.07069936021640036,0.022116602944992673,0.5263300454013403,0.059079322854806285,0.06270012243521343,0.21968998528717054,0.0,0.0,0.0,0.0,0.0
RN_45-54,58429,0.04258735550080905,49.674083075185266,0.0,0.0,0.0,0.042899661418611075,0.08904313307617494,0.2590703996917887,0.34796203325941005,0.15526662409472164,0.07069936021640036,0.022116602944992673,0.5263300454013403,0.059079322854806285,0.06270012243521343,0.21968998528717054,0.0,0.0,0.0,0.0,0.0
RN_55+,49080,0.03577311622618406,61.72646699266504,0.0,0.0,0.0,0.042899661418611075,0.08904313307617494,0.2590703996917887,0.34796203325941005,0.15526662409472164,0.07069936021640036,0.022116602944992673,0.5263300454013403,0.059079322854806285,0.06270012243521343,0.21968998528717054,0.0,0.0,0.0,0.0,0.0
RN_UNKNOWN,3863,0.0028156387119345765,0.0,0.0,0.0,0.0,0.042899661418611075,0.08904313307617494,0.2590703996917887,0.34796203325941005,0.15526662409472164,0.07069936021640036,0.022116602944992673,0.5263300454013403,0.059079322854806285,0.06270012243521343,0.21968998528717054,0.0,0.0,0.0,0.0,0.0
