split,model,article_id,offer_price,n_observations,mae,rmse,zt_avg_nll,zt_avg_crps,zt_pit_ks,zt_interval_score_0.9,zt_interval_score_0.95
split_000_test,strict_full_population_common_provider,397068015,10.39,1,1.263687366148139,1.263687366148139,1.1240284508507,0.63829225,0.7695823073696305,4.0,4.0
split_000_test,strict_full_population_common_provider,397068015,11.69,1,1.254849572247637,1.254849572247637,1.116660988047352,0.62125375,0.7876669129350916,4.0,4.0
split_000_test,strict_full_population_common_provider,397068015,12.06,1,1.2523461856378586,1.2523461856378586,1.1145735289326832,0.6266357499999999,0.7090597269575849,4.0,4.0
split_000_test,strict_full_population_common_provider,397068015,12.99,3,1.24607722563651,1.24607722563651,1.1093450400835674,0.5980900833333332,0.6899943153966895,4.0,4.0
split_000_test,strict_full_population_common_provider,397068015,15.99,1,1.2260804998464652,1.2260804998464652,1.0926566074824446,0.597191,0.6779806791931317,4.0,4.0
split_000_test,strict_full_population_common_provider,397068015,16.99,3,2.5935030687785954,3.1954486344842943,3.446874395025923,2.1888843333333337,0.633128622524745,29.66666666666667,30.666666666666643
split_000_test,strict_full_population_common_provider,397068015,17.99,5,0.9277631977403086,1.0078163545399879,1.199718944848365,0.51447405,0.3706806882982657,3.0,4.0
split_000_test,strict_full_population_common_provider,397068015,18.39,1,1.2103282837478009,1.2103282837478009,1.079498811804427,0.58795475,0.9498558167766125,3.0,4.0
split_000_test,strict_full_population_common_provider,397068015,18.56,1,1.2092206794243139,1.2092206794243139,1.0785732371215904,0.60236525,0.7636206786538238,3.0,4.0
split_000_test,strict_full_population_common_provider,397068015,19.99,89,1.0426670490234997,1.444706881928611,1.4913609874500113,0.6945523117977528,0.12481726753179134,5.696629213483146,7.146067415730334
split_000_test,strict_full_population_common_provider,399087001,7.0,1,1.2870449759955527,1.2870449759955527,1.1434856311912855,0.58357025,0.9814673824016962,4.0,4.0
split_000_test,strict_full_population_common_provider,399087001,7.99,1,1.280176870774819,1.280176870774819,1.1377665579124596,0.620476,0.7392856677323201,4.0,4.0
split_000_test,strict_full_population_common_provider,399087001,9.99,2,1.2664199291219087,1.2664199291219087,1.126305785815093,0.622304,0.687791654364738,4.0,4.0
split_000_test,strict_full_population_common_provider,399087001,14.99,1,1.2327079964217815,1.2327079964217815,1.0981894488599648,0.575839,0.8163663276223079,4.0,4.0
split_000_test,strict_full_population_common_provider,399087001,15.99,8,2.181520124961616,3.1886409750481914,2.7734980325519,1.6743163124999998,0.23825621577496137,19.0,33.99999999999997
split_000_test,strict_full_population_common_provider,399087001,16.99,10,1.2877963174656855,1.4311450689931284,1.4988185576831454,0.7903233249999999,0.31672144051825896,5.0,4.0
split_000_test,strict_full_population_common_provider,399087001,17.49,1,1.216210044751997,1.216210044751997,1.0844130581646882,0.5836749999999999,0.7067857977723344,3.0,4.0
split_000_test,strict_full_population_common_provider,399087001,17.57,1,1.2156859948842125,1.2156859948842125,1.0839752708755883,0.62360175,0.8452970450839462,3.0,4.0
split_000_test,strict_full_population_common_provider,399087001,17.99,5,1.2129386629005143,1.2129386629005143,1.0816799803901929,0.5660911,0.7053927367777547,3.0,4.0
split_000_test,strict_full_population_common_provider,399087001,19.99,88,1.0522434214815377,1.2509846673732075,1.3613630537078878,0.6360819034090909,0.24860173893345883,4.136363636363637,4.909090909090908
split_000_test,strict_full_population_common_provider,399201022,25.0,1,1.2929370603378705,1.2929370603378705,1.148390573422429,0.6432374999999999,0.7448235380360106,4.0,4.0
split_000_test,strict_full_population_common_provider,399201022,29.99,1,0.2585457683654564,0.2585457683654564,1.149172660839714,0.2540637499999999,0.5236129456616075,4.0,4.0
split_000_test,strict_full_population_common_provider,399201022,34.99,1,2.774944232830404,2.774944232830404,3.3386436605633825,2.23535825,0.9614146528640922,4.0,4.0
split_000_test,strict_full_population_common_provider,399201022,35.56,1,1.2212983519180831,1.2212983519180831,1.0886631901601262,0.5809125,0.8136725675544345,3.0,4.0
split_000_test,strict_full_population_common_provider,399201022,38.45,1,1.2024349303409712,1.2024349303409712,1.0729015458786206,0.5523112500000001,0.7890291625800703,3.0,4.0
split_000_test,strict_full_population_common_provider,399201022,39.99,3,9.60249675323181,11.557330343752826,15.80770013377286,8.974981166666668,0.6666665928971536,163.00000000000003,297.3333333333331
split_000_test,strict_full_population_common_provider,399201022,42.49,11,2.465189827557467,3.540249612332519,3.4325797802802587,2.028687409090909,0.5294709862707507,26.63636363636364,40.363636363636324
split_000_test,strict_full_population_common_provider,399201022,44.99,16,0.9755506777478837,1.1096500644414604,1.2752590583772245,0.5756198125,0.3149475557602358,3.0,4.0
split_000_test,strict_full_population_common_provider,399201022,45.99,4,1.1546631404442609,1.1546631404442609,1.0329149982414787,0.527154125,0.720920053793743,3.0,4.0
split_000_test,strict_full_population_common_provider,399201022,49.99,81,0.8505879303540819,0.9634080425318154,1.1756428519685223,0.48589567283950613,0.21380687457803643,3.0,4.0
split_000_test,strict_full_population_common_provider,399223004,3.99,1,1.3411917122581212,1.3411917122581212,1.1885139788275556,0.6693847500000001,0.9297313637388839,4.0,4.0
split_000_test,strict_full_population_common_provider,399223004,4.0,1,1.3411190490166214,1.3411190490166214,1.1884536204920961,0.68106575,0.7388398326236136,4.0,4.0
split_000_test,strict_full_population_common_provider,399223004,7.99,7,1.026740880424321,1.1217301227066925,1.1630601172792079,0.5305815714285714,0.4663170576012512,4.0,4.0
split_000_test,strict_full_population_common_provider,399223004,10.99,9,1.0691074916343988,1.1470964801801267,1.148832225903011,0.5381339444444445,0.47068705497505076,4.0,4.0
split_000_test,strict_full_population_common_provider,399223004,12.99,8,1.2080844898226912,1.4020339755517284,1.403137991877383,0.7171595,0.4101707470828121,4.0,4.0
split_000_test,strict_full_population_common_provider,399223004,15.99,3,3.2476947415436825,4.549262384936598,4.370865224252879,2.749310166666667,0.47318488793553865,37.333333333333336,70.66666666666661
split_000_test,strict_full_population_common_provider,399223004,16.99,11,1.795495523397545,2.6143732096545143,2.4322188896947674,1.4208924090909092,0.22267024006031444,13.090909090909092,22.181818181818166
split_000_test,strict_full_population_common_provider,399223004,17.99,11,0.9706960304297968,1.0679877765827575,1.1179069653085663,0.4989755454545455,0.5305649331455509,4.0,4.0
split_000_test,strict_full_population_common_provider,399223004,18.99,3,1.2367347088969787,1.236734708896979,1.1015501933955045,0.5831533333333333,0.7971475730190223,4.0,4.0
split_000_test,strict_full_population_common_provider,399223004,19.99,82,1.0241730555454076,1.2982975319430519,1.5136269922059535,0.6834828719512195,0.0728433779016193,4.7317073170731705,5.46341463414634
split_000_test,strict_full_population_common_provider,399256002,2.51,1,1.2737214406454869,1.2737214406454869,1.1323895009583447,0.625777,0.7016470668323345,4.0,4.0
split_000_test,strict_full_population_common_provider,399256002,3.99,5,1.2635805752844456,1.2635805752844456,1.1239394448100832,0.6022032,0.6971797371784125,4.0,4.0
split_000_test,strict_full_population_common_provider,399256002,5.6,1,1.2526459681926183,1.2526459681926183,1.1148235168905833,0.5952054999999999,0.7720494606254812,4.0,4.0
split_000_test,strict_full_population_common_provider,399256002,5.99,1,1.2500123225846522,1.2500123225846522,1.1126272042783416,0.6057755000000001,0.8874677043100556,4.0,4.0
split_000_test,strict_full_population_common_provider,399256002,6.3,1,1.2479230973498865,1.2479230973498865,1.1108847116265583,0.6030825,0.7622975196950319,4.0,4.0
split_000_test,strict_full_population_common_provider,399256002,6.64,1,1.2456359431688049,1.2456359431688049,1.108976939030543,0.5805745,0.9416973395699725,4.0,4.0
split_000_test,strict_full_population_common_provider,399256002,6.99,12,0.9932861597058732,1.0835669776544696,1.1169175696913698,0.5200315833333333,0.5412674197231881,4.0,4.0
split_000_test,strict_full_population_common_provider,399256002,8.49,4,2.6166343773523217,3.5479397969120288,3.033927342772739,2.0023451875,0.4958478510526377,24.000000000000004,43.999999999999964
split_000_test,strict_full_population_common_provider,399256002,8.99,6,1.1532991120944274,1.165965099893204,1.1803357700513282,0.581173375,0.5246148966811683,4.0,4.0
split_000_test,strict_full_population_common_provider,399256002,9.99,76,1.419913314706352,1.7822615819936782,1.7264438604769534,0.9360682138157892,0.2228852837426854,6.894736842105263,9.789473684210522
split_000_test,strict_full_population_common_provider,399256018,7.77,1,1.2489814099149439,1.2489814099149439,1.1117674059533096,0.584429,0.764856279537876,4.0,4.0
split_000_test,strict_full_population_common_provider,399256018,7.99,2,1.2474996484912428,1.2474996484912428,1.1105315180978146,0.5922832499999999,0.8951235037942511,4.0,4.0
split_000_test,strict_full_population_common_provider,399256018,8.49,3,3.414712977653091,4.59162804316175,4.228935748842967,2.7901575,0.4419343205083494,37.333333333333336,70.66666666666661
split_000_test,strict_full_population_common_provider,399256018,8.99,2,1.2407878119878468,1.2407878119878468,1.104932297254703,0.5906580000000001,0.728709696579841,4.0,4.0
split_000_test,strict_full_population_common_provider,399256018,9.26,1,1.238982186488978,1.238982186488978,1.1034256789251615,0.6042505,0.8010766089587175,4.0,4.0
split_000_test,strict_full_population_common_provider,399256018,9.49,1,1.2374462583359116,1.2374462583359116,1.1021439926806593,0.5899772499999999,0.6806651156934806,4.0,4.0
split_000_test,strict_full_population_common_provider,399256018,9.55,1,1.2370459135302356,1.2370459135302356,1.1018099011292704,0.5734072499999999,0.7918876458457152,4.0,4.0
split_000_test,strict_full_population_common_provider,399256018,9.99,106,2.236227506376964,3.199277705192775,3.0477021359065715,1.8035798820754716,0.37277144144514107,15.886792452830191,27.77358490566036
split_000_test,strict_full_population_common_provider,441386001,7.19,2,1.2819939980938009,1.2819939980938009,1.1392798522048502,0.63634625,0.6972697839098199,4.0,4.0
split_000_test,strict_full_population_common_provider,441386001,8.99,3,1.26958708038317,1.26958708038317,1.1289449488688357,0.5854135833333333,0.7371950895583332,4.0,4.0
split_000_test,strict_full_population_common_provider,441386001,19.99,5,1.2392959326860666,1.5104371974357063,1.6579601747346455,0.8372864999999999,0.2606306499895531,7.0,4.0
split_000_test,strict_full_population_common_provider,441386001,20.0,2,1.1964152723349244,1.1964152723349244,1.0678685053453145,0.5594155000000001,0.9490107901006943,3.0,4.0
split_000_test,strict_full_population_common_provider,441386001,20.99,2,1.1900587460910734,1.1900587460910734,1.0625520891014186,0.5675453749999999,0.8443756176449114,3.0,4.0
split_000_test,strict_full_population_common_provider,441386001,21.24,11,1.6311178389348036,2.1108758903419202,1.8144152962342723,1.0552377727272728,0.4206281481597462,10.272727272727273,14.9090909090909
split_000_test,strict_full_population_common_provider,441386001,22.49,16,1.117995953004364,1.1439006516888326,1.0597323244149432,0.531116421875,0.6334715407884394,3.0,4.0
split_000_test,strict_full_population_common_provider,441386001,23.17,2,1.176187766992792,1.176187766992792,1.050944571421271,0.567954375,0.7370284979692735,3.0,4.0
split_000_test,strict_full_population_common_provider,441386001,23.45,2,1.1744186712842426,1.1744186712842426,1.0494635340132639,0.5519609999999999,0.6653372463189043,3.0,4.0
split_000_test,strict_full_population_common_provider,441386001,24.99,101,0.9144102316984317,1.0304189205557654,1.181915997728603,0.510962448019802,0.29956629987993866,3.0,4.0
split_000_test,strict_full_population_common_provider,540768002,37.49,2,1.216423804927671,1.216423804927671,1.0845916284657755,0.56443375,0.6776539124489975,3.0,4.0
split_000_test,strict_full_population_common_provider,540768002,39.99,2,1.2998430013393256,1.3926922948486598,2.0038155833623876,0.9310474999999999,0.8549522160991094,3.0,4.0
split_000_test,strict_full_population_common_provider,540768002,42.49,9,2.3537912323576125,3.4402512313686597,3.0713527842410766,1.8578093333333332,0.29732317941233666,25.222222222222225,35.11111111111108
split_000_test,strict_full_population_common_provider,540768002,44.99,10,0.5346502376556905,0.7040272128868613,1.1585730472892428,0.3771588,0.26045277020598434,3.0,4.0
split_000_test,strict_full_population_common_provider,540768002,45.99,1,1.1620524825724945,1.1620524825724945,1.0391069127052643,0.5294139999999999,0.9639106530799502,3.0,4.0
split_000_test,strict_full_population_common_provider,540768002,46.03,1,1.1618028137579515,1.1618028137579515,1.0388977437468867,0.5451525,0.9651565057147086,3.0,4.0
split_000_test,strict_full_population_common_provider,540768002,46.66,1,1.1578780524863732,1.1578780524863732,1.035609253855794,0.5330449999999999,0.6838297111526661,3.0,4.0
split_000_test,strict_full_population_common_provider,540768002,46.82,1,1.1568835367997572,1.1568835367997572,1.034775852152071,0.5172304999999999,0.7154467019006161,3.0,4.0
split_000_test,strict_full_population_common_provider,540768002,47.49,2,1.1527288695369502,1.1527288695369502,1.0312937494973504,0.5267962499999999,0.8651042485190175,3.0,4.0
split_000_test,strict_full_population_common_provider,540768002,49.99,78,0.8444654491848268,1.1568909604962692,1.3279274927263636,0.5571849615384615,0.17755142653062916,4.538461538461538,5.025641025641025
split_000_test,strict_full_population_common_provider,547780001,10.49,1,4.770890013615842,4.770890013615842,5.817196704556052,4.18564975,0.998335355144566,44.00000000000001,83.99999999999993
split_000_test,strict_full_population_common_provider,547780001,12.74,2,10.285702766406644,10.29784838686535,15.309907025450524,9.635733000000002,0.999999507131516,173.00000000000003,303.9999999999998
split_000_test,strict_full_population_common_provider,547780001,13.77,1,1.2075796176455014,1.2075796176455014,1.0772017798087137,0.6146652499999999,0.8720472349009639,3.0,4.0
split_000_test,strict_full_population_common_provider,547780001,14.36,1,0.2037494490905809,0.2037494490905809,1.1405910800816284,0.25436724999999993,0.5278327400614508,3.0,4.0
split_000_test,strict_full_population_common_provider,547780001,14.99,85,2.8306918360370164,4.186147889703324,3.9637681528737274,2.3830373352941177,0.3743297158676242,34.058823529411775,51.52941176470584
split_000_test,strict_full_population_common_provider,547780003,2.99,1,1.267188254175466,1.267188254175466,1.1269460607204336,0.6194095,0.6759954746939467,4.0,4.0
split_000_test,strict_full_population_common_provider,547780003,10.49,4,2.391526941616205,3.1563166878091597,3.3009701682623716,2.0134176875,0.631401811559013,23.000000000000004,33.99999999999997
split_000_test,strict_full_population_common_provider,547780003,10.99,1,1.2136726333102787,1.2136726333102787,1.082293215825861,0.5649495000000001,0.6642443827100767,3.0,4.0
split_000_test,strict_full_population_common_provider,547780003,11.99,4,0.8535768393739376,1.0905667367221688,1.434808842268808,0.5882838125,0.21585396479357732,3.0,4.0
split_000_test,strict_full_population_common_provider,547780003,12.49,1,1.2039081543696772,1.2039081543696772,1.0741330701922418,0.56391375,0.8821268019964646,3.0,4.0
split_000_test,strict_full_population_common_provider,547780003,12.74,3,3.932570377072168,4.399885793352338,4.787277408682647,3.3358449999999995,0.6654157352507402,49.66666666666668,70.66666666666661
split_000_test,strict_full_population_common_provider,547780003,13.49,5,1.1184669272222059,1.1295655512500022,1.1790197015322954,0.5702925999999999,0.4631897092027337,3.0,4.0
split_000_test,strict_full_population_common_provider,547780003,13.79,1,1.1955130922446133,1.1955130922446133,1.0671140558085697,0.6022240000000001,0.9473302608754169,3.0,4.0
split_000_test,strict_full_population_common_provider,547780003,14.04,1,1.193905799831788,1.193905799831788,1.0657698666299316,0.5704032499999999,0.7547411380201531,3.0,4.0
split_000_test,strict_full_population_common_provider,547780003,14.99,129,1.0955421787939315,1.419052803746913,1.6057909284904512,0.7624075968992249,0.09289195949212758,5.790697674418604,5.550387596899224
split_000_test,strict_full_population_common_provider,547780004,2.09,1,1.2655776289042295,1.2655776289042295,1.1256038383707836,0.59761675,0.9097886451623316,4.0,4.0
split_000_test,strict_full_population_common_provider,547780004,2.99,2,1.2594424614049133,1.2594424614049133,1.1204901459201433,0.614122625,0.7609030781701217,4.0,4.0
split_000_test,strict_full_population_common_provider,547780004,4.49,4,1.0,1.030603729545516,1.3523539727055205,0.5850211875,0.27301318211396064,4.0,4.0
split_000_test,strict_full_population_common_provider,547780004,6.29,2,0.7372150341202341,0.8907783150329255,1.1237949606990063,0.41256687499999994,0.5383206384885584,4.0,4.0
split_000_test,strict_full_population_common_provider,547780004,8.99,16,1.1020037660322104,1.1650600683634453,1.2064676938193388,0.5845238906250001,0.47972757610319205,3.0,4.0
split_000_test,strict_full_population_common_provider,547780004,10.99,9,1.2062731881353899,1.2062731881353899,1.076109896644234,0.5780199166666667,0.6975238028366225,3.0,4.0
split_000_test,strict_full_population_common_provider,547780004,11.99,3,3.4668702400428892,3.9464851218331733,4.482093132141762,2.9698933333333337,0.8289777824431199,43.00000000000001,57.333333333333286
split_000_test,strict_full_population_common_provider,547780004,12.74,2,5.0,6.283176408838484,6.807184636855501,4.337772375,0.49999656563756656,73.00000000000001,123.99999999999989
split_000_test,strict_full_population_common_provider,547780004,13.49,6,1.0234837984186151,1.0892235649830044,1.075310689138957,0.5104455833333333,0.5100312995460835,3.0,4.0
split_000_test,strict_full_population_common_provider,547780004,14.99,96,1.1501834027022062,1.5504276499359082,1.652659115961935,0.8046768645833332,0.08384220265034681,6.958333333333333,6.916666666666664
split_000_test,strict_full_population_common_provider,547780015,2.99,5,0.8637953039323513,0.9930469913833803,1.134502575034566,0.48832909999999996,0.4085552518655917,4.0,4.0
split_000_test,strict_full_population_common_provider,547780015,5.94,5,1.3462996154214824,1.3618078189536482,1.3531549355818602,0.7409122,0.581128987011013,4.0,4.0
split_000_test,strict_full_population_common_provider,547780015,6.29,2,1.2414865141525397,1.2414865141525397,1.1055152606638663,0.6005595,0.7813572307754832,4.0,4.0
split_000_test,strict_full_population_common_provider,547780015,6.99,42,2.0476190476190474,2.7463395281683702,2.5713276341158027,1.5408949226190476,0.28273814016184484,13.047619047619051,22.09523809523808
split_000_test,strict_full_population_common_provider,547780015,10.49,3,1.0712318659540936,1.2529440303956905,1.5321646740659831,0.6997156666666667,0.3150241222381429,3.0,4.0
split_000_test,strict_full_population_common_provider,547780015,11.99,7,1.2302561097626643,1.667992422804896,1.668665144664007,0.8581790714285713,0.13645416899304397,8.714285714285715,9.71428571428571
split_000_test,strict_full_population_common_provider,547780015,12.74,3,1.1990799052248708,1.1990799052248708,1.0700966013087325,0.5713585833333333,0.681307902082197,3.0,4.0
split_000_test,strict_full_population_common_provider,547780015,13.49,4,1.194249648460481,1.194249648460481,1.06605743901846,0.5547265625,0.7392750226767086,3.0,4.0
split_000_test,strict_full_population_common_provider,547780015,14.24,2,1.1894400634797195,1.1894400634797195,1.0620345456459233,0.5473130000000002,0.8960827519571065,3.0,4.0
split_000_test,strict_full_population_common_provider,547780015,14.99,28,0.9401328253084682,1.0569228839949847,1.235500185089882,0.5411493839285715,0.280710848190522,3.0,4.0
split_000_test,strict_full_population_common_provider,554450004,11.99,1,2.750012826255923,2.750012826255923,3.292198341860319,2.1996962499999997,0.960728670751986,4.0,4.0
split_000_test,strict_full_population_common_provider,554450004,12.99,3,1.2432611542541436,1.2432611542541436,1.1069958462918443,0.5788565,0.679002504154351,4.0,4.0
split_000_test,strict_full_population_common_provider,554450004,13.99,1,1.2365734845331096,1.2365734845331096,1.1014156462449876,0.56565175,0.6684499629927876,4.0,4.0
split_000_test,strict_full_population_common_provider,554450004,14.99,2,1.2299239470324452,1.2299239470324452,1.0958654579870692,0.5740197499999999,0.8617553070317034,4.0,4.0
split_000_test,strict_full_population_common_provider,554450004,15.99,1,1.2233123252011455,1.2233123252011455,1.0903451103927253,0.607445,0.8491606708489599,4.0,4.0
split_000_test,strict_full_population_common_provider,554450004,16.14,1,1.2223238388159277,1.2223238388159277,1.089519621480488,0.55771625,0.9189963486737462,4.0,4.0
split_000_test,strict_full_population_common_provider,554450004,16.66,1,1.2189036431280478,1.2189036431280478,1.0866630871029677,0.58006875,0.9203520945261403,3.0,4.0
split_000_test,strict_full_population_common_provider,554450004,16.99,5,4.243347680697129,5.669792334348027,5.635141073958098,3.5978235999999995,0.39998699550970407,59.000000000000014,99.99999999999991
split_000_test,strict_full_population_common_provider,554450004,17.99,6,0.973467978219758,1.0429382377361662,1.17870276376622,0.5146495416666667,0.36242333488281986,3.0,4.0
split_000_test,strict_full_population_common_provider,554450004,19.99,87,1.1858580193449797,1.6326383663814523,1.7750255616966255,0.8587884568965516,0.13755787176789702,7.137931034482759,9.05747126436781
split_000_test,strict_full_population_common_provider,562245001,4.99,1,1.3112520541057382,1.3112520541057382,1.1636290387825563,0.65382875,0.9691990710835583,4.0,4.0
split_000_test,strict_full_population_common_provider,562245001,5.49,1,1.307709377882047,1.307709377882047,1.1606823993931212,0.6547075000000001,0.8105918302777537,4.0,4.0
split_000_test,strict_full_population_common_provider,562245001,5.99,2,1.3041768099318718,1.3041768099318718,1.1577437204846588,0.6434843750000001,0.7828715804360765,4.0,4.0
split_000_test,strict_full_population_common_provider,562245001,9.99,11,1.0035494977170922,1.0979338330729427,1.1393650077149302,0.5243333863636362,0.4694550648128898,4.0,4.0
split_000_test,strict_full_population_common_provider,562245001,15.99,8,3.375,6.7509837336891865,5.72824498239658,2.9538894687500004,0.41814894621320575,44.00000000000001,83.99999999999993
split_000_test,strict_full_population_common_provider,562245001,16.91,2,1.229491032363435,1.229491032363435,1.0955040529342053,0.57803425,0.7031154910108486,4.0,4.0
split_000_test,strict_full_population_common_provider,562245001,16.99,10,0.9915843632723756,1.0439346925855102,1.252400837512205,0.551832775,0.3560096796830043,4.0,4.0
split_000_test,strict_full_population_common_provider,562245001,17.99,9,1.2223547776570607,1.2223547776570607,1.0895454592481117,0.5849738055555556,0.7129468658779465,4.0,4.0
split_000_test,strict_full_population_common_provider,562245001,18.32,2,1.2201830315483089,1.2201830315483089,1.0877316848137148,0.576077875,0.7040174485494781,3.0,4.0
split_000_test,strict_full_population_common_provider,562245001,19.99,113,1.0621248291307108,1.2673690194423177,1.3266246927551784,0.623806674778761,0.27371063988372396,4.415929203539823,5.415929203539822
split_000_test,strict_full_population_common_provider,562245018,5.59,1,1.2930439991304818,1.2930439991304818,1.148479584174398,0.6637004999999999,0.7953988996481521,4.0,4.0
split_000_test,strict_full_population_common_provider,562245018,7.19,1,1.281908726411932,1.281908726411932,1.1392088411598154,0.6009094999999999,0.9501221744126487,4.0,4.0
split_000_test,strict_full_population_common_provider,562245018,7.46,1,1.2800396717339022,1.2800396717339022,1.1376522942150684,0.6248949999999999,0.9815042444578905,4.0,4.0
split_000_test,strict_full_population_common_provider,562245018,7.99,10,1.2658274992033116,1.3936330012728289,1.3918571603877872,0.728769725,0.42714632054135976,4.0,4.0
split_000_test,strict_full_population_common_provider,562245018,9.99,1,1.2626653989575969,1.2626653989575969,1.123176662706484,0.5647637499999999,0.8380443675728131,4.0,4.0
split_000_test,strict_full_population_common_provider,562245018,15.99,2,5.0,6.266567194426851,6.735121930041024,4.35881,0.4999986869768497,64.00000000000001,123.99999999999989
split_000_test,strict_full_population_common_provider,562245018,16.99,4,16.39205821255223,19.561143405262698,32.18441166833466,15.7399650625,0.7499999999594122,298.00000000000006,563.9999999999995
split_000_test,strict_full_population_common_provider,562245018,17.99,4,1.2093520131284596,1.2093520131284596,1.0786829894780974,0.5705634374999999,0.6952066101304629,3.0,4.0
split_000_test,strict_full_population_common_provider,562245018,18.54,2,1.2057755431082753,1.2057755431082753,1.0756939573156157,0.554816875,0.6775913609996957,3.0,4.0
split_000_test,strict_full_population_common_provider,562245018,19.99,43,1.81353493137252,2.6118665349153867,2.3441246490511687,1.350000238372093,0.17007726821313485,16.023255813953487,21.674418604651148
split_000_test,strict_full_population_common_provider,562245054,4.99,1,1.2712453258924223,1.2712453258924223,1.13032659856716,0.6109647500000001,0.8593956864134178,4.0,4.0
split_000_test,strict_full_population_common_provider,562245054,5.99,1,1.2643981086404406,1.2643981086404406,1.1246208158713744,0.6322077500000001,0.776814672246382,4.0,4.0
split_000_test,strict_full_population_common_provider,562245054,6.49,1,1.2609891522195058,1.2609891522195058,1.121779458418278,0.6096827499999999,0.7878206859271875,4.0,4.0
split_000_test,strict_full_population_common_provider,562245054,6.99,2,1.257589927095602,1.257589927095602,1.1189457609692761,0.6019185,0.8412864886331699,4.0,4.0
split_000_test,strict_full_population_common_provider,562245054,7.99,1,1.250820560593826,1.250820560593826,1.1133012586786395,0.5693642499999999,0.7710928543354305,4.0,4.0
split_000_test,strict_full_population_common_provider,562245054,9.99,11,1.1464883041408418,1.181981412557286,1.106063657776784,0.5627569318181819,0.5823045752834313,4.0,4.0
split_000_test,strict_full_population_common_provider,562245054,15.99,2,14.301963180409487,16.149184215117142,25.79338405982726,13.678638125,0.9999467251841775,253.00000000000003,463.9999999999996
split_000_test,strict_full_population_common_provider,562245054,16.99,9,0.7731150128692542,0.887996956613455,1.2132311538387568,0.4602105277777777,0.19557723658568815,3.0,4.0
split_000_test,strict_full_population_common_provider,562245054,17.99,10,1.0852138899930968,1.1259170426962855,1.0664556561602496,0.5280987749999999,0.6569865941847939,3.0,4.0
split_000_test,strict_full_population_common_provider,562245054,19.99,82,0.9025260120211935,1.040598207001757,1.2095067943096418,0.5161715823170733,0.24483866789095188,3.2439024390243905,4.0
split_000_test,strict_full_population_common_provider,562245058,4.99,1,1.2921614506199117,1.2921614506199117,1.147744980285358,0.6432047499999999,0.9319792836767904,4.0,4.0
split_000_test,strict_full_population_common_provider,562245058,8.99,1,1.264533025183582,1.264533025183582,1.124733259225427,0.6032755,0.7610145983616514,4.0,4.0
split_000_test,strict_full_population_common_provider,562245058,9.99,3,1.2577240744659726,1.2577240744659726,1.1190575988675282,0.6010223333333332,0.6809821884620864,4.0,4.0
split_000_test,strict_full_population_common_provider,562245058,11.19,1,1.2496045558543543,1.2496045558543543,1.1122871250936635,0.6268935,0.6950928746605092,4.0,4.0
split_000_test,strict_full_population_common_provider,562245058,12.52,1,1.240670275202866,1.240670275202866,1.1048342282883705,0.617826,0.9281921567730973,4.0,4.0
split_000_test,strict_full_population_common_provider,562245058,12.99,1,1.2375292609260362,1.2375292609260362,1.1022132583164763,0.5640627500000001,0.9148384939670839,4.0,4.0
split_000_test,strict_full_population_common_provider,562245058,15.99,4,11.5,19.203084891898307,25.219494571275224,11.017331062499998,0.49994539160098783,208.00000000000003,393.99999999999966
split_000_test,strict_full_population_common_provider,562245058,16.99,6,0.9740907532299943,1.0435745917299089,1.1791609809458061,0.5219827916666667,0.3963737771541938,3.0,4.0
split_000_test,strict_full_population_common_provider,562245058,17.99,10,0.8637053111311317,0.9728852689595571,1.1486758987099726,0.480166675,0.32220072158188445,3.0,4.0
split_000_test,strict_full_population_common_provider,562245058,19.99,92,1.2321045717491628,1.69888866964519,1.5566482208995855,0.7921293559782608,0.235548504035396,7.3478260869565215,9.652173913043473
split_000_test,strict_full_population_common_provider,562245062,5.49,1,1.2937433408142254,1.2937433408142254,1.1490616724853389,0.6337977499999999,0.9097137096053669,4.0,4.0
split_000_test,strict_full_population_common_provider,562245062,9.99,1,1.2626653989575969,1.2626653989575969,1.123176662706484,0.6260625,0.7730012157255683,4.0,4.0
split_000_test,strict_full_population_common_provider,562245062,10.22,1,1.2610983456151468,1.2610983456151468,1.1218704778731938,0.57835175,0.9190299011360544,4.0,4.0
split_000_test,strict_full_population_common_provider,562245062,12.99,1,1.2423865476444322,1.2423865476444322,1.1062661761889787,0.62731125,0.9216284030557941,4.0,4.0
split_000_test,strict_full_population_common_provider,562245062,14.99,2,1.2290592857855223,1.2290592857855223,1.0951436153272611,0.5792139999999999,0.6945608566345411,4.0,4.0
split_000_test,strict_full_population_common_provider,562245062,15.99,1,1.2224525943058233,1.2224525943058233,1.089627148012493,0.6047712500000001,0.9469971530554943,4.0,4.0
split_000_test,strict_full_population_common_provider,562245062,16.35,1,1.2200834187152698,1.2200834187152698,1.087648486553389,0.590142,0.8939103533185788,3.0,4.0
split_000_test,strict_full_population_common_provider,562245062,16.99,6,1.5947054750348197,1.9504485428198906,2.1840970781781457,1.1934651666666667,0.47751823655578485,9.666666666666668,10.66666666666666
split_000_test,strict_full_population_common_provider,562245062,17.99,9,1.0982409020173485,1.1423215444710149,1.085650733878295,0.52792075,0.5919109375598749,3.0,4.0
split_000_test,strict_full_population_common_provider,562245062,19.99,72,1.4851112249454632,2.246341550995167,2.0397201900404225,1.0935219236111111,0.10578059484995161,12.166666666666668,16.777777777777764
split_000_test,strict_full_population_common_provider,562245063,6.49,1,1.2939448581998048,1.2939448581998048,1.149229399629217,0.6374345,0.6837707162746175,4.0,4.0
split_000_test,strict_full_population_common_provider,562245063,9.99,3,1.2697002072687806,1.2697002072687806,1.1290392095087647,0.6229135833333332,0.768329906672083,4.0,4.0
split_000_test,strict_full_population_common_provider,562245063,11.69,1,1.2580981221255687,1.2580981221255687,1.1193694365439515,0.60006425,0.7418593560978715,4.0,4.0
split_000_test,strict_full_population_common_provider,562245063,15.99,2,4.5,5.563075101257689,5.822326844277462,3.8657744999999997,0.49998469214608,54.00000000000001,103.99999999999991
split_000_test,strict_full_population_common_provider,562245063,16.99,5,2.7335854220325495,4.074835565373759,3.347724275968079,2.07911915,0.5601355957462407,28.000000000000007,51.99999999999996
split_000_test,strict_full_population_common_provider,562245063,17.38,1,1.2200755604665736,1.2200755604665736,1.0876419231984027,0.587696,0.795195252948195,3.0,4.0
split_000_test,strict_full_population_common_provider,562245063,17.88,1,1.2167931419560434,1.2167931419560434,1.0849001595228553,0.5875972500000001,0.7890516127740793,3.0,4.0
split_000_test,strict_full_population_common_provider,562245063,17.99,5,1.2160722685156564,1.2160722685156564,1.0842979620646598,0.58722745,0.7050871388030965,3.0,4.0
split_000_test,strict_full_population_common_provider,562245063,18.51,1,1.2126706349323104,1.2126706349323104,1.081456036168509,0.58694775,0.9517543003545477,3.0,4.0
split_000_test,strict_full_population_common_provider,562245063,19.99,83,1.2783921508303708,1.6717167596091995,1.614654954962772,0.829843689759036,0.21023497956439124,7.096385542168675,8.819277108433731
split_000_test,strict_full_population_common_provider,562245064,8.99,1,1.2766623371174002,1.2766623371174002,1.1348393193142665,0.6442920000000001,0.9405693680888058,4.0,4.0
split_000_test,strict_full_population_common_provider,562245064,9.99,1,1.2697842391986827,1.2697842391986827,1.129109227060201,0.6432297499999999,0.7005347702995002,4.0,4.0
split_000_test,strict_full_population_common_provider,562245064,14.99,1,1.2359774869665383,1.2359774869665383,1.1009182570520757,0.60077725,0.9958690723159611,4.0,4.0
split_000_test,strict_full_population_common_provider,562245064,15.99,4,1.75,2.111538738780536,2.0720142043794083,1.2034354375,0.33996449011377206,9.0,13.999999999999991
split_000_test,strict_full_population_common_provider,562245064,16.99,6,4.259092298327634,6.116886692704309,6.026850327481135,3.6276139166666668,0.5709920216998903,47.333333333333336,90.66666666666659
split_000_test,strict_full_population_common_provider,562245064,17.32,1,1.2205506644985142,1.2205506644985142,1.0880387342401332,0.5599497500000001,0.7649877303229408,3.0,4.0
split_000_test,strict_full_population_common_provider,562245064,17.99,6,0.8828192097830311,1.0007956731442027,1.1037065052211699,0.47904649999999993,0.47106991471550075,3.0,4.0
split_000_test,strict_full_population_common_provider,562245064,18.76,1,1.2111187531183782,1.2111187531183782,1.080159339184568,0.5725562499999999,0.9594019061732457,3.0,4.0
split_000_test,strict_full_population_common_provider,562245064,18.99,1,1.209619447642989,1.209619447642989,1.078906475666342,0.5982072500000001,0.8991911405581445,3.0,4.0
split_000_test,strict_full_population_common_provider,562245064,19.99,97,1.1763848059735953,1.5480981044719853,1.590202919993259,0.779064293814433,0.12207754549983174,6.298969072164948,7.7113402061855645
split_000_test,strict_full_population_common_provider,562252032,4.99,4,1.052675179312026,1.1382552583404155,1.1566765028865427,0.543898,0.5308433277982452,4.0,4.0
split_000_test,strict_full_population_common_provider,562252032,6.99,7,1.288662490838269,1.2886624908382691,1.1448322803696966,0.61737,0.6869126239594083,4.0,4.0
split_000_test,strict_full_population_common_provider,562252032,7.99,7,1.1388588462878801,1.191406081636315,1.1410811656693796,0.5697479642857143,0.5844549557801599,4.0,4.0
split_000_test,strict_full_population_common_provider,562252032,9.99,4,1.2679415499930897,1.2679415499930897,1.127573789094615,0.6156757500000001,0.706535594996118,4.0,4.0
split_000_test,strict_full_population_common_provider,562252032,10.49,2,2.735477521371541,3.3886335402236973,3.644876916990899,2.3223157500000005,0.6533445639940437,24.000000000000004,43.999999999999964
split_000_test,strict_full_population_common_provider,562252032,11.99,2,3.5,4.158492753764791,4.147860232123843,2.8710052499999996,0.49978931491347556,34.00000000000001,63.99999999999994
split_000_test,strict_full_population_common_provider,562252032,12.74,4,2.0,2.5619553068898986,2.3923256409443985,1.4788665625000001,0.4164786959674812,14.000000000000002,23.999999999999982
split_000_test,strict_full_population_common_provider,562252032,13.49,8,1.2442120443319395,1.2442120443319395,1.1077891235308885,0.5862354999999999,0.6771635883297968,4.0,4.0
split_000_test,strict_full_population_common_provider,562252032,14.67,2,1.2363182555896142,1.2363182555896142,1.1012026469488165,0.6076042500000001,0.855194138636554,4.0,4.0
split_000_test,strict_full_population_common_provider,562252032,14.99,78,1.1140909718971865,1.3880339682950367,1.4607936405427715,0.7002054358974359,0.1815651966612275,5.0256410256410255,6.05128205128205
split_000_test,strict_full_population_common_provider,568597006,20.99,1,1.1780125423498609,1.1780125423498609,1.0524720737935753,0.5515507500000001,0.8896617655060883,3.0,4.0
split_000_test,strict_full_population_common_provider,568597006,21.24,1,1.1764302504556956,1.1764302504556956,1.051147560735272,0.5344469999999999,0.6829728136971102,3.0,4.0
split_000_test,strict_full_population_common_provider,568597006,22.49,1,1.1685526308629237,1.1685526308629237,1.0445516295767363,0.5857705000000001,0.707234486445414,3.0,4.0
split_000_test,strict_full_population_common_provider,568597006,23.74,1,1.1607311146463895,1.1607311146463895,1.0379998566893365,0.5398424999999999,0.8177491850359714,3.0,4.0
split_000_test,strict_full_population_common_provider,568597006,24.99,52,2.1291725310194045,2.946582576634811,3.028345296426248,1.7521984519230769,0.4616673167281105,21.07692307692308,26.307692307692285
split_000_test,strict_full_population_common_provider,568597009,7.99,1,1.2503370103870703,1.2503370103870703,1.1128979905568248,0.5943152500000001,0.694781841373592,4.0,4.0
split_000_test,strict_full_population_common_provider,568597009,8.61,1,1.2461611108743633,1.2461611108743633,1.109415013076826,0.6063199999999999,0.9268132362845707,4.0,4.0
split_000_test,strict_full_population_common_provider,568597009,12.49,2,1.2203616147851921,1.2203616147851921,1.0878808393999102,0.578968,0.7901192621557876,3.0,4.0
split_000_test,strict_full_population_common_provider,568597009,18.74,1,1.1799882536249466,1.1799882536249466,1.0541257537538,0.5668087499999999,0.7882183028536489,3.0,4.0
split_000_test,strict_full_population_common_provider,568597009,19.99,2,2.0,2.709478210603449,2.8911460694438436,1.698485625,0.6428547231738693,23.000000000000004,23.999999999999982
split_000_test,strict_full_population_common_provider,568597009,20.99,2,1.1658034701843563,1.1658034701843563,1.0422490889560643,0.5372042499999999,0.8190920546809964,3.0,4.0
split_000_test,strict_full_population_common_provider,568597009,21.24,11,1.8317882118156286,2.4920106130430977,2.094380870163895,1.2687232954545453,0.42368533242895745,15.72727272727273,22.181818181818166
split_000_test,strict_full_population_common_provider,568597009,22.49,17,1.0792186691651462,1.1060430205146679,1.0761706512658118,0.5201116764705882,0.5454358220945119,3.0,4.0
split_000_test,strict_full_population_common_provider,568597009,23.74,3,1.1487125121603383,1.1487125121603383,1.0279267932344802,0.532373,0.811667312380308,3.0,4.0
split_000_test,strict_full_population_common_provider,568597009,24.99,102,0.9205667427131139,1.1024824685191739,1.3055794692951856,0.5644839656862745,0.1580912713746283,3.392156862745098,4.392156862745098
split_000_test,strict_full_population_common_provider,568808001,18.74,1,1.1923554209763276,1.1923554209763276,1.0644731671566123,0.5665897499999999,0.9465060958347179,3.0,4.0
split_000_test,strict_full_population_common_provider,568808001,20.45,1,1.1814380222264815,1.1814380222264815,1.0553391053976884,0.56842025,0.714166861929219,3.0,4.0
split_000_test,strict_full_population_common_provider,568808001,20.99,1,1.1780125423498609,1.1780125423498609,1.0524720737935753,0.56458225,0.8349084829678919,3.0,4.0
split_000_test,strict_full_population_common_provider,568808001,21.24,3,4.941189916514769,6.123892998955798,6.755573554140445,4.293734083333333,0.66042111743432,69.66666666666667,110.66666666666657
split_000_test,strict_full_population_common_provider,568808001,22.27,1,1.1699350122713352,1.1699350122713352,1.0457093024820026,0.5221839999999999,0.7939925165518824,3.0,4.0
split_000_test,strict_full_population_common_provider,568808001,22.49,9,0.7241081864184793,0.8782062661386405,1.0851826443716108,0.4135824166666667,0.3330432945764714,3.0,4.0
split_000_test,strict_full_population_common_provider,568808001,22.77,1,1.1667957494764924,1.1667957494764924,1.0430802057535014,0.51544425,0.9788156819074578,3.0,4.0
split_000_test,strict_full_population_common_provider,568808001,22.83,1,1.1664196406999756,1.1664196406999756,1.0427651885720703,0.5527974999999999,0.8273873126490264,3.0,4.0
split_000_test,strict_full_population_common_provider,568808001,23.17,1,1.1642907931624737,1.1642907931624737,1.0409820082148888,0.55627175,0.9480296425484572,3.0,4.0
split_000_test,strict_full_population_common_provider,568808001,24.99,73,1.2528615876521394,1.8057985574846833,1.9213431096360967,0.95521023630137,0.20232300266049696,8.753424657534246,9.479452054794516
split_000_test,strict_full_population_common_provider,569978016,3.99,2,1.236377637116783,1.236377637116783,1.1012522035695276,0.595092625,0.9517491438825623,4.0,4.0
split_000_test,strict_full_population_common_provider,569978016,4.0,1,1.2363109645476076,1.2363109645476076,1.1011965622283897,0.5732130000000001,0.8387177144744645,4.0,4.0
split_000_test,strict_full_population_common_provider,569978016,5.86,1,1.2239759351864743,1.2239759351864743,1.090899270870625,0.56876375,0.7071264335831686,4.0,4.0
split_000_test,strict_full_population_common_provider,569978016,7.99,18,1.1077859824015492,1.1646199147406624,1.1878985059364322,0.5839285694444445,0.5193402492246884,3.0,4.0
split_000_test,strict_full_population_common_provider,569978016,9.14,2,1.2025409662740696,1.2025409662740696,1.0729901885034574,0.5644977500000001,0.6712466031810722,3.0,4.0
split_000_test,strict_full_population_common_provider,569978016,9.99,6,1.0303847900440843,1.095710593379055,1.0802764480184723,0.513781,0.5229720610308559,3.0,4.0
split_000_test,strict_full_population_common_provider,569978016,15.99,13,1.8548739821172862,3.077238311678891,2.4300720297575484,1.3727073461538464,0.30866907255000436,18.384615384615387,28.615384615384592
split_000_test,strict_full_population_common_provider,569978016,16.99,5,1.4305688333587478,1.600694746853808,1.644421703991431,0.8906252,0.344169705471443,7.0,4.0
split_000_test,strict_full_population_common_provider,569978016,17.99,14,1.0752434698478466,1.1056559365655676,1.0338773445087701,0.5169074107142857,0.6280586747686576,3.0,4.0
split_000_test,strict_full_population_common_provider,569978016,19.99,98,0.9260678719747555,1.0748250772499939,1.1603864994579896,0.5180031045918367,0.31785615568746506,3.6122448979591835,4.0
split_000_test,strict_full_population_common_provider,583534009,4.99,1,1.2162662681077125,1.2162662681077125,1.084460026041143,0.562397,0.8151529593779422,3.0,4.0
split_000_test,strict_full_population_common_provider,583534009,6.99,1,1.2032360368533777,1.2032360368533777,1.073571233083542,0.5698525000000001,0.9237024559408972,3.0,4.0
split_000_test,strict_full_population_common_provider,583534009,7.49,1,1.2000016980061976,1.2000016980061976,1.0708673081973963,0.5369725,0.7806818511953907,3.0,4.0
split_000_test,strict_full_population_common_provider,583534009,7.99,2,8.303223406283697,8.318264177979529,11.630045299957679,7.64723225,0.9999764552342199,133.00000000000003,223.9999999999998
split_000_test,strict_full_population_common_provider,583534009,8.39,1,1.1942031414189276,1.1942031414189276,1.0660185438897458,0.5133994999999999,0.9810856483530392,3.0,4.0
split_000_test,strict_full_population_common_provider,583534009,8.49,3,3.731186899192673,5.176953655862633,4.895775214941626,3.097511166666667,0.3695943142274637,49.66666666666668,83.99999999999993
split_000_test,strict_full_population_common_provider,583534009,8.56,1,1.193111205428822,1.193111205428822,1.0651053002426079,0.56549675,0.7774932741551818,3.0,4.0
split_000_test,strict_full_population_common_provider,583534009,8.99,7,0.9046396975336245,1.011164979123975,1.0844985495466588,0.47377439285714296,0.5462490482672111,3.0,4.0
split_000_test,strict_full_population_common_provider,583534009,9.19,2,1.1890738625330743,1.1890738625330743,1.0617282014295526,0.5670442499999999,0.6551442970036305,3.0,4.0
split_000_test,strict_full_population_common_provider,583534009,9.99,137,1.229893371562351,1.6166141496929292,1.7399937706354038,0.8599947536496352,0.134654417532296,6.795620437956204,7.795620437956201
split_000_test,strict_full_population_common_provider,588689013,3.99,3,1.2544731996990195,1.2544731996990195,1.1163471640682014,0.6155376666666666,0.6847832361257047,4.0,4.0
split_000_test,strict_full_population_common_provider,588689013,6.39,2,1.2383339897427073,1.2383339897427073,1.102884789750298,0.5567633749999998,0.73288925851503,4.0,4.0
split_000_test,strict_full_population_common_provider,588689013,7.21,2,1.2328703289485525,1.2328703289485525,1.0983249464443485,0.5880017500000001,0.8712729617345873,4.0,4.0
split_000_test,strict_full_population_common_provider,588689013,7.4,1,1.2316080103412386,1.2316080103412386,1.0972712713162651,0.60549,0.7229205742832493,4.0,4.0
split_000_test,strict_full_population_common_provider,588689013,7.99,22,0.97972446295141,1.0883834771844778,1.165002069166862,0.5231935227272728,0.3699193392193936,4.0,4.0
split_000_test,strict_full_population_common_provider,588689013,9.99,2,0.21453669090975147,0.21453669090975147,1.1421502828946373,0.26152025,0.47856242632407087,3.0,4.0
split_000_test,strict_full_population_common_provider,588689013,15.99,8,3.25,5.836372840170306,5.16870262033337,2.82469984375,0.44551679276829526,43.00000000000001,68.99999999999994
split_000_test,strict_full_population_common_provider,588689013,16.99,8,1.502232501747336,1.9865018739610307,1.6781446818065602,0.95924853125,0.5092589596324445,10.500000000000002,13.999999999999991
split_000_test,strict_full_population_common_provider,588689013,17.99,9,1.0522643240198084,1.0981919867234644,1.0507862103238461,0.5062278055555555,0.5648472921708747,3.0,4.0
split_000_test,strict_full_population_common_provider,588689013,19.99,80,0.8705206498008742,1.0813176591642966,1.3040952942669553,0.551562484375,0.13168720108135362,3.75,4.5
split_000_test,strict_full_population_common_provider,598859001,17.49,1,1.250677785139986,1.250677785139986,1.1131821886810451,0.60894075,0.6718684429131384,4.0,4.0
split_000_test,strict_full_population_common_provider,598859001,18.99,1,1.2405972526827442,1.2405972526827442,1.1047733003318392,0.5912900000000001,0.9493027314516314,4.0,4.0
split_000_test,strict_full_population_common_provider,598859001,20.99,2,1.227290337429455,1.227290337429455,1.0936667530742294,0.5990556250000001,0.7562337119003248,4.0,4.0
split_000_test,strict_full_population_common_provider,598859001,26.24,2,1.193075219471572,1.193075219471572,1.0650752023971926,0.538701125,0.779929557814324,3.0,4.0
split_000_test,strict_full_population_common_provider,598859001,27.99,3,0.7272988504710048,0.8365124159763643,1.2741333381518072,0.46848425,0.3290018538319807,3.0,4.0
split_000_test,strict_full_population_common_provider,598859001,29.34,1,1.1733491171822363,1.1733491171822363,1.0485680643322184,0.580526,0.8677018785575406,3.0,4.0
split_000_test,strict_full_population_common_provider,598859001,29.74,7,2.264877992441297,3.5087503503423547,2.7110010937874085,1.6339644642857143,0.5413148486006372,23.000000000000004,38.285714285714256
split_000_test,strict_full_population_common_provider,598859001,30.99,2,1.1629914601079,1.1629914601079,1.0398935487563739,0.532353875,0.6885785890439249,3.0,4.0
split_000_test,strict_full_population_common_provider,598859001,31.49,12,0.9932053530755587,1.0608231531536412,1.053557676436075,0.48938214583333334,0.5600856578808225,3.0,4.0
split_000_test,strict_full_population_common_provider,598859001,34.99,74,1.6664704374936818,2.350691349638329,2.087870008615662,1.191908310810811,0.19954243324703802,13.810810810810812,18.594594594594582
split_000_test,strict_full_population_common_provider,621381001,5.99,1,1.3119099334679047,1.3119099334679047,1.1641761841658078,0.6303577499999999,0.9259085505779561,4.0,4.0
split_000_test,strict_full_population_common_provider,621381001,14.99,1,1.2496323611303493,1.2496323611303493,1.1123103150220264,0.60400175,0.7769248187119281,4.0,4.0
split_000_test,strict_full_population_common_provider,621381001,15.99,4,0.871454182322535,0.9646028488124412,1.2389665851653964,0.5109804375,0.3435296094793386,4.0,4.0
split_000_test,strict_full_population_common_provider,621381001,16.99,6,2.2545924311804395,2.633449982852227,2.7051900155653072,1.7086340416666665,0.5064424350423633,10.666666666666666,17.33333333333332
split_000_test,strict_full_population_common_provider,621381001,17.0,1,1.2361560427484934,1.2361560427484934,1.1010672721258736,0.5963345,0.9822175938695799,4.0,4.0
split_000_test,strict_full_population_common_provider,621381001,17.64,1,1.2318974844838047,1.2318974844838047,1.0975129052416448,0.5867775,0.7582336855288919,4.0,4.0
split_000_test,strict_full_population_common_provider,621381001,17.7,1,1.2314990431030473,1.2314990431030473,1.097180311759657,0.5965774999999999,0.6866612682364898,4.0,4.0
split_000_test,strict_full_population_common_provider,621381001,17.99,8,1.172181376806352,1.237852950608841,1.2588408883665796,0.6339643125000001,0.4252371685763413,4.0,4.0
split_000_test,strict_full_population_common_provider,621381001,18.0,1,1.2295088854779963,1.2295088854779963,1.09551895719226,0.5598865000000001,0.8316857811790201,4.0,4.0
split_000_test,strict_full_population_common_provider,621381001,19.99,107,1.113742979540516,1.4240290729844416,1.4932595237890138,0.7163140140186914,0.16757488575732543,5.803738317757009,6.990654205607474
split_000_test,strict_full_population_common_provider,636323002,4.67,1,1.2816074322428013,1.2816074322428013,1.1389579325381527,0.59726175,0.9367080202611491,4.0,4.0
split_000_test,strict_full_population_common_provider,636323002,7.16,1,1.264483741773939,1.264483741773939,1.1246921850863811,0.61066225,0.7721018084114695,4.0,4.0
split_000_test,strict_full_population_common_provider,636323002,8.49,6,5.581521086545588,7.832023325070788,8.592892049865023,5.121918125,0.4996685889737943,80.66666666666669,157.33333333333317
split_000_test,strict_full_population_common_provider,636323002,8.66,1,1.2542853075818758,1.2542853075818758,1.116190495260048,0.5854602499999999,0.9812781311693821,4.0,4.0
split_000_test,strict_full_population_common_provider,636323002,8.99,2,1.252053365783151,1.252053365783151,1.1143293437189166,0.6368651249999999,0.9124371056630048,4.0,4.0
split_000_test,strict_full_population_common_provider,636323002,9.68,1,1.247400164901642,1.247400164901642,1.1104485390104206,0.618298,0.7532607400205948,4.0,4.0
split_000_test,strict_full_population_common_provider,636323002,9.99,70,1.3129473044967988,1.694462738547076,1.725826073889471,0.8989628035714288,0.11453387811729362,6.285714285714286,8.571428571428568
split_000_test,strict_full_population_common_provider,640021005,7.99,1,1.2959247012343211,1.2959247012343211,1.150877185317645,0.6115319999999999,0.8190271925001524,4.0,4.0
split_000_test,strict_full_population_common_provider,640021005,10.99,2,0.7750802812145734,0.9223607983471881,1.1427980227528636,0.4368358750000001,0.524761540046962,4.0,4.0
split_000_test,strict_full_population_common_provider,640021005,17.99,2,1.0,1.0256207955966543,1.3489027856423366,0.569204875,0.3051239748608758,4.0,4.0
split_000_test,strict_full_population_common_provider,640021005,22.49,3,1.1984082158543825,1.1984082158543825,1.0695349814982638,0.5634956666666667,0.7411513869483253,3.0,4.0
split_000_test,strict_full_population_common_provider,640021005,23.99,3,1.1887741109856402,1.1887741109856402,1.061477440823508,0.526278,0.7222175109057609,3.0,4.0
split_000_test,strict_full_population_common_provider,640021005,25.49,5,1.5641555420686155,1.7162065626429686,1.9162032279649648,1.0539089499999998,0.3979373831188745,7.0,4.0
split_000_test,strict_full_population_common_provider,640021005,25.99,3,1.1760565123781341,1.1760565123781341,1.0508346936045592,0.5650941666666666,0.7094101875006742,3.0,4.0
split_000_test,strict_full_population_common_provider,640021005,26.99,12,1.0864187131292737,1.121023866439228,1.053102804234242,0.5197316666666666,0.6504514192658859,3.0,4.0
split_000_test,strict_full_population_common_provider,640021005,28.49,2,1.160362681030287,1.160362681030287,1.0376911646416498,0.539706,0.7580319124162129,3.0,4.0
split_000_test,strict_full_population_common_provider,640021005,29.99,81,0.9481161408726488,1.2494561972291174,1.3893822735155674,0.6204181759259261,0.10643735884093775,4.728395061728395,5.48148148148148
split_000_test,strict_full_population_common_provider,660308001,8.0,1,1.2095252384030246,1.2095252384030246,1.078827748465625,0.58976425,0.7860577987164443,3.0,4.0
split_000_test,strict_full_population_common_provider,660308001,10.99,3,1.1902142560669158,1.1902142560669158,1.0626821744182422,0.5564876666666666,0.7983005025607239,3.0,4.0
split_000_test,strict_full_population_common_provider,660308001,11.24,2,1.188614533475119,1.188614533475119,1.0613439427973705,0.5809652500000001,0.7071316182838615,3.0,4.0
split_000_test,strict_full_population_common_provider,660308001,11.26,1,1.1884866544368133,1.1884866544368133,1.0612369620009006,0.5648662499999999,0.9957239788408668,3.0,4.0
split_000_test,strict_full_population_common_provider,660308001,11.99,6,1.6225527096638694,1.8960668447566233,1.6501157866072413,0.998627625,0.5159249696415922,9.666666666666668,10.66666666666666
split_000_test,strict_full_population_common_provider,660308001,12.0,1,1.183765396789299,1.183765396789299,1.057286752733211,0.58421675,0.9606488262632218,3.0,4.0
split_000_test,strict_full_population_common_provider,660308001,12.74,9,1.0679529639449816,1.1132335627790049,1.0626769281802935,0.5229376111111111,0.5789134400091127,3.0,4.0
split_000_test,strict_full_population_common_provider,660308001,13.49,11,1.0834103862390674,1.120902624276462,1.0573166331800776,0.5149526590909091,0.5775984091030861,3.0,4.0
split_000_test,strict_full_population_common_provider,660308001,14.07,2,1.170664248081049,1.170664248081049,1.0463199644844896,0.535746625,0.8080259169354275,3.0,4.0
split_000_test,strict_full_population_common_provider,660308001,14.99,136,0.9180209769073385,1.0809161971340908,1.252999788584804,0.5427768033088235,0.19549463827257707,3.588235294117647,4.294117647058823
split_000_test,strict_full_population_common_provider,660308008,3.56,1,1.2323455232251734,1.2323455232251734,1.0978868916539746,0.57685275,0.8317224039113073,4.0,4.0
split_000_test,strict_full_population_common_provider,660308008,4.99,13,1.8123215003189526,2.6339228107298727,2.3251995076529757,1.3759553846153845,0.238781582038494,14.769230769230772,25.538461538461522
split_000_test,strict_full_population_common_provider,660308008,7.99,1,3.7967194296277618,3.7967194296277618,4.562110233533446,3.142211,0.9873665665221294,43.00000000000001,43.999999999999964
split_000_test,strict_full_population_common_provider,660308008,10.99,1,1.184011771000221,1.184011771000221,1.0574929151040957,0.551685,0.8854682992510827,3.0,4.0
split_000_test,strict_full_population_common_provider,660308008,12.05,1,1.1772821096580182,1.1772821096580182,1.0518606534916666,0.55377125,0.7442093107155193,3.0,4.0
split_000_test,strict_full_population_common_provider,660308008,12.59,2,1.1738694426051213,1.1738694426051213,1.0490037062392763,0.5583835,0.7217650588857301,3.0,4.0
split_000_test,strict_full_population_common_provider,660308008,12.74,2,1.0,1.0148411128466464,1.341249797819872,0.5742756250000001,0.47744840648812514,3.0,4.0
split_000_test,strict_full_population_common_provider,660308008,12.85,1,1.1722300610427774,1.1722300610427774,1.047631094012895,0.5221985,0.8090003284019548,3.0,4.0
split_000_test,strict_full_population_common_provider,660308008,13.49,6,1.1682050284934566,1.1682050284934564,1.044260516788981,0.5573804166666666,0.6538511791578198,3.0,4.0
split_000_test,strict_full_population_common_provider,660308008,14.99,75,0.9056492681203402,1.1895496605478606,1.4511997121280487,0.6290025199999999,0.0672986564833298,4.333333333333333,4.533333333333333
split_000_test,strict_full_population_common_provider,660308009,1.99,2,0.7229329162121543,0.8789948812951129,1.116718614174935,0.44273312500000006,0.65788847268226,4.0,4.0
split_000_test,strict_full_population_common_provider,660308009,3.1,1,1.2156405561452748,1.2156405561452748,1.0839373111507054,0.559446,0.7491737048419013,3.0,4.0
split_000_test,strict_full_population_common_provider,660308009,3.19,1,1.2150513099192155,1.2150513099192155,1.0834450443233887,0.5859017499999999,0.8855813793856565,3.0,4.0
split_000_test,strict_full_population_common_provider,660308009,3.99,16,1.0424134364526934,1.2279070305631559,1.3856121334773108,0.63330103125,0.22692838736911464,4.25,4.0
split_000_test,strict_full_population_common_provider,660308009,5.99,8,1.450782532612869,1.8425574635378414,2.0137014295086977,1.0526965625,0.36963206354912326,10.500000000000002,8.999999999999996
split_000_test,strict_full_population_common_provider,660308009,7.99,3,0.7280200700281378,0.8369855599728021,1.274413395068767,0.46920999999999996,0.2426840048999273,3.0,4.0
split_000_test,strict_full_population_common_provider,660308009,12.59,2,1.15514805248816,1.15514805248816,1.03332140960629,0.535786125,0.8131835260641932,3.0,4.0
split_000_test,strict_full_population_common_provider,660308009,12.74,3,2.384739335886255,2.9521766848494537,2.7117193671619995,1.782858583333333,0.529810807739004,23.000000000000004,30.666666666666643
split_000_test,strict_full_population_common_provider,660308009,13.49,6,1.149579728700683,1.149579728700683,1.028653854983786,0.5421635833333334,0.69993693867919,3.0,4.0
split_000_test,strict_full_population_common_provider,660308009,14.99,75,1.364217573123229,2.188551493481345,1.7900026862220586,0.9347631033333335,0.2477049863353772,10.200000000000001,15.19999999999999
split_000_test,strict_full_population_common_provider,660712014,5.69,1,1.2364972243659738,1.2364972243659738,1.1013520042036073,0.6107099999999999,0.9028144133610871,4.0,4.0
split_000_test,strict_full_population_common_provider,660712014,6.49,2,1.231174902259479,1.231174902259479,1.0969097348206074,0.5958933750000001,0.7517425105497905,4.0,4.0
split_000_test,strict_full_population_common_provider,660712014,8.02,1,1.2210635229859825,1.2210635229859825,1.0884670675185752,0.5333370000000001,0.6979355330448171,3.0,4.0
split_000_test,strict_full_population_common_provider,660712014,8.99,2,1.2146987118089108,1.2146987118089108,1.083150470536775,0.5789575,0.8776756163994675,3.0,4.0
split_000_test,strict_full_population_common_provider,660712014,9.09,1,1.214044550937245,1.214044550937245,1.0826039458797967,0.5905007499999999,0.9761870143903804,3.0,4.0
split_000_test,strict_full_population_common_provider,660712014,9.93,1,1.2085643433590656,1.2085643433590656,1.0780247421113647,0.550526,0.7279808839224792,3.0,4.0
split_000_test,strict_full_population_common_provider,660712014,10.39,1,1.205574413672228,1.205574413672228,1.0755258472337554,0.55942275,0.7686167251139715,3.0,4.0
split_000_test,strict_full_population_common_provider,660712014,12.99,35,1.7310747327572429,2.4660499691457733,2.034016594324299,1.1860788928571429,0.3444546277983067,13.285714285714286,19.999999999999986
split_000_test,strict_full_population_common_provider,660712014,19.99,5,12.85506252818098,18.826912455403907,26.473775140214002,12.276322449999999,0.9630048691769623,223.00000000000006,403.99999999999966
split_000_test,strict_full_population_common_provider,660712014,24.99,53,0.9365459907602703,1.1021809865327137,1.3357473244040434,0.5835372075471699,0.20974659085610636,3.3773584905660377,4.0
split_000_test,strict_full_population_common_provider,664319001,10.99,2,1.2075742710238693,1.2075742710238693,1.077197311376889,0.557638875,0.6966612455187411,3.0,4.0
split_000_test,strict_full_population_common_provider,664319001,11.24,1,1.2059497480007533,1.2059497480007533,1.0758395616415106,0.5712790000000001,0.9076934572675803,3.0,4.0
split_000_test,strict_full_population_common_provider,664319001,11.73,1,1.202772411986388,1.202772411986388,1.073183667975515,0.55581175,0.9006290250099831,3.0,4.0
split_000_test,strict_full_population_common_provider,664319001,11.99,8,2.5502725226237604,4.640874055418624,3.64907138437935,2.01885521875,0.35837644847117467,30.500000000000004,53.99999999999996
split_000_test,strict_full_population_common_provider,664319001,12.59,1,1.1972173431983002,1.1972173431983002,1.068539208501255,0.55726875,0.7008286371034343,3.0,4.0
split_000_test,strict_full_population_common_provider,664319001,12.74,5,0.9177507384808434,1.1128856839725574,1.361686449939695,0.58271985,0.3111522993045166,3.0,4.0
split_000_test,strict_full_population_common_provider,664319001,13.49,8,1.0185748098368306,1.0728177728594177,1.1430842041867775,0.532400625,0.46729878405317476,3.0,4.0
split_000_test,strict_full_population_common_provider,664319001,14.24,1,1.1866355486158215,1.1866355486158215,1.0596882862325727,0.5583617500000001,0.7209898142946565,3.0,4.0
split_000_test,strict_full_population_common_provider,664319001,14.34,1,1.1859974309789796,1.1859974309789796,1.0591543877159009,0.57237425,0.7154591238421568,3.0,4.0
split_000_test,strict_full_population_common_provider,664319001,14.99,112,0.9334703919958403,1.1900466545695252,1.2861318987646648,0.5678800892857143,0.2604834294903925,4.428571428571429,5.428571428571428
split_000_test,strict_full_population_common_provider,672127002,1.99,2,1.0,1.0296196043901134,1.3516760102029344,0.5660493750000001,0.31855591064906585,4.0,4.0
split_000_test,strict_full_population_common_provider,672127002,2.49,2,1.0,1.0288260359152748,1.3511280576608466,0.573802125,0.3217918568208731,4.0,4.0
split_000_test,strict_full_population_common_provider,672127002,2.5,1,1.2417656274145847,1.2417656274145847,1.105748133806626,0.5915360000000001,0.8654897174873037,4.0,4.0
split_000_test,strict_full_population_common_provider,672127002,3.99,1,1.231827621019495,1.231827621019495,1.0974545881437416,0.590969,0.7103216354233192,4.0,4.0
split_000_test,strict_full_population_common_provider,672127002,4.28,1,1.229903202559251,1.229903202559251,1.0958481402991276,0.5887137499999999,0.9964977225450008,4.0,4.0
split_000_test,strict_full_population_common_provider,672127002,4.7,1,1.227121765473711,1.227121765473711,1.0935260087125607,0.5740842499999999,0.7668568096395301,4.0,4.0
split_000_test,strict_full_population_common_provider,672127002,4.99,19,3.7828407514838656,5.299393121135188,5.2224022364814475,3.2401152499999997,0.5296153335665409,39.789473684210535,75.578947368421
split_000_test,strict_full_population_common_provider,672127002,8.49,5,2.040464488635304,2.599107636745595,2.5147046095182235,1.5608791,0.3746530299656924,19.000000000000004,19.999999999999986
split_000_test,strict_full_population_common_provider,672127002,8.99,8,0.8993180345920266,0.99434793946,1.1562080360618763,0.49709025,0.28542498232164937,3.0,4.0
split_000_test,strict_full_population_common_provider,672127002,9.99,67,1.253183202009452,1.7488522640821949,1.818760509574564,0.9083707798507464,0.1489897096405618,8.671641791044776,9.970149253731337
split_000_test,strict_full_population_common_provider,705330002,2.49,4,0.7562995471459706,0.9066360929354182,1.1333296117907858,0.432615625,0.40166128330135886,4.0,4.0
split_000_test,strict_full_population_common_provider,705330002,4.99,20,1.5218400229503815,1.9727707044236829,1.868530622232862,1.0412077125,0.1769153149217486,8.0,11.999999999999993
split_000_test,strict_full_population_common_provider,705330002,7.32,1,1.2239937393371187,1.2239937393371187,1.0909141383215974,0.5743422499999999,0.9617819851647522,4.0,4.0
split_000_test,strict_full_population_common_provider,705330002,7.49,1,1.222872856715779,1.222872856715779,1.0899781135467548,0.588512,0.8956773678976212,4.0,4.0
split_000_test,strict_full_population_common_provider,705330002,7.99,2,2.280417548480657,2.7295245365115384,3.063786516288199,1.869659625,0.8006267738540215,23.000000000000004,23.999999999999982
split_000_test,strict_full_population_common_provider,705330002,8.39,1,1.2169568927511665,1.2169568927511665,1.0850369492894334,0.54624,0.7368771876690282,3.0,4.0
split_000_test,strict_full_population_common_provider,705330002,8.49,2,1.0,1.27050518752184,1.755684260956676,0.750434625,0.44640004826050683,3.0,4.0
split_000_test,strict_full_population_common_provider,705330002,8.85,1,1.2139449153623652,1.2139449153623652,1.0825207028403925,0.5795644999999999,0.8745900059832831,3.0,4.0
split_000_test,strict_full_population_common_provider,705330002,8.99,3,1.2130297981073719,1.2130297981073719,1.0817561254910257,0.5657726666666666,0.708819308802042,3.0,4.0
split_000_test,strict_full_population_common_provider,705330002,9.99,117,0.8854477355211824,1.0155351153618086,1.2712686765019063,0.5269137628205128,0.1683370579584626,3.1709401709401708,4.0
split_000_test,strict_full_population_common_provider,706016006,14.99,1,1.2563204398347607,1.2563204398347607,1.1178873617099383,0.601637,0.6877974590886309,4.0,4.0
split_000_test,strict_full_population_common_provider,706016006,16.99,1,1.2428347368861594,1.2428347368861594,1.1066400970491161,0.598122,0.9666362370200886,4.0,4.0
split_000_test,strict_full_population_common_provider,706016006,17.99,2,1.236149498510673,1.236149498510673,1.1010618106058108,0.562615125,0.9402786784567857,4.0,4.0
split_000_test,strict_full_population_common_provider,706016006,18.86,1,1.2303643561936797,1.2303643561936797,1.0962331116537871,0.5819175000000001,0.9265074421468803,4.0,4.0
split_000_test,strict_full_population_common_provider,706016006,18.88,1,1.2302317025382359,1.2302317025382359,1.0961223731932235,0.5896032499999999,0.7055241369146636,4.0,4.0
split_000_test,strict_full_population_common_provider,706016006,18.99,1,1.2295023785550883,1.2295023785550883,1.0955135250403152,0.5562997499999999,0.7889220051448005,4.0,4.0
split_000_test,strict_full_population_common_provider,706016006,19.15,1,1.2284423622727325,1.2284423622727325,1.094628571987863,0.5889732499999999,0.9570965094316278,4.0,4.0
split_000_test,strict_full_population_common_provider,706016006,19.26,1,1.2277141634615147,1.2277141634615147,1.0940206093729408,0.59589775,0.8844785000215573,4.0,4.0
split_000_test,strict_full_population_common_provider,706016006,19.29,1,1.2275156432693057,1.2275156432693057,1.093854863942391,0.5980237500000001,0.9662048616976651,4.0,4.0
split_000_test,strict_full_population_common_provider,706016006,19.99,87,1.6002631397762281,2.1432795147960615,2.1453315285350802,1.185944882183908,0.2422359128969923,8.597701149425287,13.195402298850567
split_000_test,strict_full_population_common_provider,719530004,2.01,1,1.2715899197691414,1.2715899197691414,1.130613700876636,0.6498312500000001,0.9256047883563887,4.0,4.0
split_000_test,strict_full_population_common_provider,719530004,2.99,1,1.2648773382941814,1.2648773382941814,1.125020216547906,0.64191,0.8025472286252859,4.0,4.0
split_000_test,strict_full_population_common_provider,719530004,3.99,2,1.2580664246162696,1.2580664246162696,1.119343011039455,0.6137343749999999,0.8128081164920051,4.0,4.0
split_000_test,strict_full_population_common_provider,719530004,7.99,24,1.1958059216544052,1.2297427251367672,1.245505812942854,0.6280567291666667,0.45926051571739007,4.0,4.0
split_000_test,strict_full_population_common_provider,719530004,14.99,3,1.1856613385260415,1.1856613385260415,1.0588731795159776,0.5620875833333333,0.7798474939210982,3.0,4.0
split_000_test,strict_full_population_common_provider,719530004,15.99,7,0.8935878218765662,1.0012895825180481,1.0774809782403192,0.4753212857142857,0.46588537811923686,3.0,4.0
split_000_test,strict_full_population_common_provider,719530004,16.99,4,3.3364895680611983,5.017419137874098,4.437618855817856,2.7107241875000003,0.4415568789935449,43.00000000000001,73.99999999999994
split_000_test,strict_full_population_common_provider,719530004,17.99,11,1.0454754497344305,1.0859735768739622,1.1055163969134183,0.5148826136363636,0.5017099300067251,3.0,4.0
split_000_test,strict_full_population_common_provider,719530004,18.76,2,1.1618757253878926,1.1618757253878926,1.0389588283656765,0.55644775,0.6839711526679624,3.0,4.0
split_000_test,strict_full_population_common_provider,719530004,19.99,76,0.9749260850279343,1.2680313622845203,1.353158910101316,0.6132225394736843,0.19964622629267814,4.842105263157895,6.1052631578947345
